{
    "atr_14":0.1142775861,
    "vol_ratio_lag3":0.0610771436,
    "normalised_ema50":0.0517779419,
    "bb_width":0.0458828513,
    "rsi_14":0.0444874872,
    "macd_hist":0.0421166201,
    "vol_ratio_lag4":0.0420695488,
    "hl_spread":0.0405293856,
    "vol_ratio_lag1":0.0400597677,
    "vol_ratio":0.0366923162,
    "bb_position":0.0349279513,
    "return_lag4":0.0334672284,
    "vol_ratio_lag2":0.03238674,
    "return_lag1":0.0322886378,
    "body_ratio":0.0317300081,
    "normalised_ema15":0.030812135,
    "return_lag5":0.0305663473,
    "return":0.0303761873,
    "return_lag3":0.0286180509,
    "vol_ratio_lag5":0.0282694875,
    "return_lag2":0.0273074866,
    "oc_spread":0.018084123
}