{
    "atr_14":0.0689106815,
    "vol_ratio_lag3":0.0305675019,
    "vol_ratio_lag4":0.0234812313,
    "normalised_ema50":0.0220031545,
    "vol_ratio":0.0190811314,
    "hl_spread":0.0184159786,
    "vol_ratio_lag1":0.0154622629,
    "bb_width":0.0132227509,
    "macd_hist":0.0125401004,
    "rsi_14":0.0116068288,
    "bb_position":0.0096520616,
    "return_lag3":0.0095970229,
    "normalised_ema15":0.0095563074,
    "vol_ratio_lag2":0.0089000892,
    "return_lag2":0.0084873624,
    "return_lag1":0.0073863076,
    "return_lag5":0.0070340789,
    "body_ratio":0.0069477107,
    "return_lag4":0.0069397533,
    "return":0.0062520457,
    "vol_ratio_lag5":0.0062013128,
    "oc_spread":0.0044179324
}