{
    "atr_14":0.0487192018,
    "volatility_momentum":0.0281927726,
    "vol_ratio_lag3":0.0251831481,
    "volatility_regime":0.0234368082,
    "vol_ratio_lag4":0.0212399743,
    "hl_spread":0.019412566,
    "normalised_ema50":0.0152307119,
    "vol_ratio_lag1":0.0149619514,
    "trend_strength":0.0136913775,
    "bb_width":0.0132806576,
    "vol_ratio":0.0125340037,
    "vol_momentum":0.0119858473,
    "dist_ema15":0.0104404033,
    "macd_hist":0.0104088898,
    "vol_trend":0.008591259,
    "return_lag3":0.0083218394,
    "normalised_ema15":0.008170711,
    "vol_ratio_lag2":0.0080316553,
    "rsi_14":0.0074495978,
    "return_lag1":0.0071971944,
    "atr_adjusted_return":0.0070519739,
    "bb_position":0.0069037964,
    "return_lag4":0.0068580348,
    "return_lag2":0.0062669092,
    "body_ratio":0.0059012679
}