{
    "atr_14":0.0399016826,
    "body_ratio":0.0382487385,
    "normalised_ema50":0.0363147722,
    "vol_ratio_lag5":0.0357636154,
    "bb_width":0.0323217392,
    "rsi_14":0.030744235,
    "macd_hist":0.0306003153,
    "vol_ratio_lag4":0.0290306678,
    "bb_position":0.0280627207,
    "vol_ratio":0.0259334609,
    "normalised_ema15":0.0229541871,
    "vol_ratio_lag1":0.022513398,
    "return_lag1":0.0206416211,
    "hl_spread":0.0175423738,
    "return_lag2":0.0144533824,
    "oc_spread":0.0144156522,
    "return_lag3":0.0142681433,
    "return_lag4":0.0141556093,
    "return":0.0140471518,
    "return_lag5":0.0139634956,
    "vol_ratio_lag2":0.0131620365,
    "vol_ratio_lag3":0.011871204
}