{
    "return":0.0584717311,
    "body_ratio":0.054590486,
    "oc_spread":0.0512981344,
    "normalised_ema15":0.050948805,
    "bb_position":0.0503005549,
    "vol_ratio":0.0464896083,
    "vol_ratio_lag3":0.0459586449,
    "normalised_ema50":0.0457169201,
    "vol_ratio_lag1":0.0450098127,
    "vol_ratio_lag4":0.0444234747,
    "rsi_14":0.0444010664,
    "vol_ratio_lag5":0.0440915138,
    "vol_ratio_lag2":0.043485979,
    "return_lag1":0.0428266522,
    "hl_spread":0.0426490419,
    "atr_14":0.0421269763,
    "bb_width":0.0418105617,
    "return_lag3":0.0413766198,
    "macd_hist":0.041351882,
    "return_lag4":0.0412566379,
    "return_lag2":0.040987128,
    "return_lag5":0.0404277507
}