{
    "atr_14":0.1128328224,
    "vol_ratio_lag3":0.0593415785,
    "normalised_ema50":0.0490114039,
    "bb_width":0.044043477,
    "vol_ratio_lag4":0.0409220595,
    "rsi_14":0.0403264264,
    "vol_ratio_lag1":0.0397230381,
    "macd_hist":0.0390098507,
    "hl_spread":0.037705437,
    "vol_ratio":0.0356572614,
    "return_lag4":0.033328576,
    "return_lag1":0.032216645,
    "bb_position":0.0315182617,
    "vol_ratio_lag2":0.0314224185,
    "body_ratio":0.0295109305,
    "return_lag5":0.029310033,
    "return_lag3":0.0282543119,
    "normalised_ema15":0.0277391248,
    "return_lag2":0.0274545816,
    "vol_ratio_lag5":0.0273908273,
    "return":0.0259688873,
    "oc_spread":0.0156643021
}