{
    "atr_14":0.1312779216,
    "vol_ratio_lag3":0.0568094137,
    "bb_width":0.0524928813,
    "normalised_ema50":0.0510325947,
    "vol_ratio_lag4":0.048719108,
    "hl_spread":0.0428640019,
    "vol_ratio_lag1":0.0419155178,
    "vol_ratio":0.0403261517,
    "rsi_14":0.0395330956,
    "macd_hist":0.0394852944,
    "bb_position":0.0337110206,
    "vol_ratio_lag2":0.0320488159,
    "normalised_ema15":0.0317488069,
    "return_lag2":0.0311137049,
    "return_lag1":0.0290799074,
    "body_ratio":0.0286667046,
    "return_lag4":0.0282853832,
    "return_lag5":0.0282150168,
    "vol_ratio_lag5":0.0270353525,
    "return_lag3":0.0269799328,
    "return":0.0263744006,
    "oc_spread":0.016310377
}