{
    "atr_14":0.0437076905,
    "volatility_momentum":0.0240646564,
    "volatility_regime":0.0191050839,
    "hl_spread":0.0180154622,
    "trend_strength":0.0147105697,
    "bb_width":0.0142785821,
    "normalised_ema50":0.0130890762,
    "vol_trend":0.010786474,
    "rsi_14":0.0100762179,
    "macd_hist":0.0095651723,
    "dist_ema15":0.0088344715,
    "normalised_ema15":0.007367618,
    "vol_ratio_lag4":0.0066032781,
    "return_lag3":0.0061824867,
    "vol_ratio_lag2":0.0061012778,
    "vol_ratio_lag3":0.0059510041,
    "bb_position":0.00594086,
    "vol_ratio_lag1":0.0053239505,
    "return_lag1":0.0051998261,
    "atr_adjusted_return":0.0050472703,
    "body_ratio":0.0049710726,
    "vol_momentum":0.0048607268,
    "return_lag4":0.0047703559,
    "return_lag2":0.0047062815,
    "vol_ratio":0.0044501013
}