{
    "normalised_ema50":0.1033754561,
    "macd_hist":0.0696337082,
    "atr_14":0.0644589528,
    "bb_width":0.0630129747,
    "bb_position":0.052666253,
    "rsi_14":0.0464780485,
    "vol_ratio_lag2":0.0402340255,
    "normalised_ema15":0.0391578483,
    "vol_ratio_lag5":0.0345934987,
    "vol_ratio_lag1":0.0340306076,
    "return_lag3":0.0326611958,
    "return_lag2":0.0316149923,
    "vol_ratio_lag3":0.0296347272,
    "vol_ratio":0.0263155459,
    "body_ratio":0.0259190801,
    "return_lag1":0.0255886248,
    "hl_spread":0.0239998151,
    "vol_ratio_lag4":0.023408046,
    "return_lag4":0.0232531044,
    "return_lag5":0.0220747262,
    "oc_spread":0.0203510047,
    "return":0.0180614603
}