{
    "atr_14":0.0528811058,
    "volatility_momentum":0.0313592188,
    "vol_ratio_lag3":0.0232865223,
    "vol_ratio_lag4":0.0218574684,
    "volatility_regime":0.0215798847,
    "hl_spread":0.0184489596,
    "vol_ratio_lag1":0.0150678663,
    "normalised_ema50":0.0134446377,
    "trend_strength":0.0132087355,
    "vol_momentum":0.0130621592,
    "bb_width":0.012677021,
    "vol_ratio":0.0110234403,
    "macd_hist":0.0099008204,
    "upper_wick":0.009793167,
    "vol_trend":0.0096652037,
    "normalised_ema15":0.0085936564,
    "return_lag3":0.0079130268,
    "dist_ema15":0.007718187,
    "bb_position":0.0071831792,
    "vol_ratio_lag2":0.0071754823,
    "return_lag4":0.0068499731,
    "return_lag1":0.006621023,
    "rsi_14":0.0064765967,
    "atr_adjusted_return":0.0062098001,
    "return_lag2":0.0056011808,
    "body_ratio":0.0055542292,
    "return_accel":0.0055411652,
    "lower_wick":0.0046333545,
    "direction":0.0005698387
}