{
    "atr_14":0.1430274374,
    "vol_ratio_lag3":0.0626500957,
    "bb_width":0.0539028851,
    "normalised_ema50":0.0499270249,
    "hl_spread":0.0479552489,
    "vol_ratio_lag4":0.046259003,
    "vol_ratio_lag1":0.0448960074,
    "rsi_14":0.0425024065,
    "macd_hist":0.0394778553,
    "vol_ratio":0.038783548,
    "bb_position":0.0338137828,
    "body_ratio":0.0312983826,
    "vol_ratio_lag2":0.0308310173,
    "normalised_ema15":0.0308256752,
    "vol_ratio_lag5":0.0307819239,
    "return_lag2":0.0299719334,
    "return_lag5":0.0297012362,
    "return_lag1":0.0284076769,
    "return":0.0261294941,
    "return_lag4":0.0259880777,
    "return_lag3":0.0243929356,
    "oc_spread":0.0176654901
}