{
    "atr_14":0.0502221026,
    "volatility_momentum":0.0312157971,
    "vol_ratio_lag3":0.0233324731,
    "volatility_regime":0.0221817799,
    "vol_ratio_lag4":0.0219765795,
    "hl_spread":0.0190091282,
    "vol_ratio_lag1":0.0153885793,
    "trend_strength":0.0141278265,
    "normalised_ema50":0.0133387866,
    "vol_momentum":0.0128846902,
    "bb_width":0.0125190797,
    "vol_ratio":0.0110374793,
    "macd_hist":0.0100679224,
    "upper_wick":0.0098163585,
    "vol_trend":0.0094221358,
    "normalised_ema15":0.0082923012,
    "return_lag3":0.0080870877,
    "dist_ema15":0.0078836074,
    "return_lag4":0.0071846756,
    "bb_position":0.0070090462,
    "vol_ratio_lag2":0.0070001797,
    "return_lag1":0.0068531121,
    "rsi_14":0.0064897836,
    "atr_adjusted_return":0.006399918,
    "return_lag2":0.0056670881,
    "body_ratio":0.0056295813,
    "return_accel":0.0052235416,
    "lower_wick":0.0045779164,
    "direction":0.0005963875
}