{
    "atr_14":0.0528690405,
    "volatility_momentum":0.0318191322,
    "vol_ratio_lag3":0.0273245147,
    "vol_ratio_lag4":0.0218803177,
    "volatility_regime":0.0215330561,
    "hl_spread":0.0177654697,
    "vol_ratio_lag1":0.0158243924,
    "vol_ratio":0.0151668901,
    "normalised_ema50":0.0140568686,
    "trend_strength":0.013804385,
    "bb_width":0.0136429972,
    "normalised_ema15":0.0102541861,
    "vol_trend":0.0101265067,
    "macd_hist":0.0100038696,
    "upper_wick":0.0098074705,
    "bb_position":0.0088271937,
    "return_lag3":0.0081642958,
    "rsi_14":0.0074797239,
    "vol_ratio_lag2":0.007417663,
    "body_ratio":0.0070716144,
    "return_lag1":0.0070695045,
    "return_lag4":0.0070033506,
    "return_lag2":0.0061579077,
    "lower_wick":0.0050065743,
    "direction":0.0008571557
}